,id,host_response_time,host_response_rate,host_acceptance_rate,host_is_superhost,host_listings_count,host_has_profile_pic,host_identity_verified,neighbourhood_cleansed,latitude,longitude,room_type,accommodates,bathroom_text,bedrooms,beds,price,minimum_nights,maximum_nights,availability_365,number_of_reviews,number_of_reviews_ltm,review_scores_rating,review_scores_accuracy,review_scores_cleanliness,review_scores_checkin,review_scores_communication,review_scores_location,review_scores_value,instant_bookable,calculated_host_listings_count,reviews_per_month
181,617137.0,unknown,0.0,0.0,False,1,True,False,CuauhtÃ©moc,19.44614,-99.15868,Shared room,2,1.5,1.0,1.0,2028.0,1,1125,365,0,0,4.7,4.78,4.75,4.83,4.81,4.84,4.72,False,1,0.0
232,3240086.0,within an hour,1.0,1.0,True,7,True,True,CuauhtÃ©moc,19.43386,-99.14648,Shared room,5,1.0,1.0,5.0,333.0,3,1125,171,54,9,4.75,4.91,4.79,4.91,4.94,4.68,4.85,False,5,0.66
325,3923137.0,unknown,0.0,0.0,False,3,True,False,CuauhtÃ©moc,19.41772,-99.17836,Shared room,2,1.0,1.0,2.0,888.0,1,1125,365,0,0,4.7,4.78,4.75,4.83,4.81,4.84,4.72,False,3,0.0
343,3938955.0,within an hour,1.0,0.97,True,1,True,True,CuauhtÃ©moc,19.40842,-99.17385,Shared room,1,1.0,1.0,0.0,315.0,2,11,172,101,25,4.93,4.94,4.9,5.0,5.0,5.0,4.92,False,1,1.18
344,5434219.0,within an hour,0.9,1.0,False,2,True,True,CuauhtÃ©moc,19.43883,-99.15283,Shared room,16,8.0,1.0,18.0,310.0,1,1125,363,22,1,4.5,4.77,4.55,4.68,4.73,4.77,4.59,True,2,0.26
496,5272066.0,within a few hours,1.0,1.0,False,2,True,True,CoyoacÃ¡n,19.32944,-99.16091,Shared room,2,2.0,1.0,3.0,203.0,1,1125,365,6,3,5.0,4.83,4.83,4.83,5.0,4.67,4.83,False,2,0.08
519,6312611.0,within a few hours,1.0,0.0,False,1,True,True,CuauhtÃ©moc,19.42006,-99.15327,Shared room,1,1.0,1.0,1.0,200.0,1,1125,356,0,0,4.7,4.78,4.75,4.83,4.81,4.84,4.72,False,1,0.0
529,6076798.0,within an hour,1.0,1.0,False,1,True,True,Venustiano Carranza,19.44329,-99.10947,Shared room,12,3.0,1.0,12.0,450.0,1,1125,320,55,15,4.8,4.82,4.91,4.93,4.89,4.67,4.91,True,1,0.64
677,7933584.0,within an hour,1.0,0.89,False,1,True,True,CuauhtÃ©moc,19.42818,-99.16122,Shared room,12,5.0,1.0,8.0,252.0,1,1125,358,54,26,4.59,4.63,4.43,4.72,4.69,4.81,4.52,False,1,0.79
699,6972071.0,within a few hours,0.91,0.34,False,59,True,True,CuauhtÃ©moc,19.42884,-99.13573,Shared room,16,4.0,1.0,16.0,1521.0,1,1125,365,0,0,4.7,4.78,4.75,4.83,4.81,4.84,4.72,False,19,0.0
820,8357397.0,within a few hours,1.0,1.0,False,2,True,True,CoyoacÃ¡n,19.33435,-99.16144,Shared room,2,2.0,1.0,3.0,203.0,2,1125,365,1,0,5.0,4.0,5.0,5.0,5.0,4.0,5.0,False,2,0.01
1224,11964525.0,unknown,0.0,0.0,False,1,True,True,CuauhtÃ©moc,19.40665,-99.15955,Shared room,2,1.0,1.0,2.0,3800.0,4,34,365,0,0,4.7,4.78,4.75,4.83,4.81,4.84,4.72,True,1,0.0
1288,13221271.0,within a few hours,0.91,0.34,False,59,True,True,CuauhtÃ©moc,19.42889,-99.13582,Shared room,16,1.0,1.0,16.0,1217.0,1,1125,363,0,0,4.7,4.78,4.75,4.83,4.81,4.84,4.72,False,19,0.0
1349,13293812.0,a few days or more,0.0,0.0,False,1,True,True,Iztapalapa,19.37201,-99.0367,Shared room,2,1.0,1.0,1.0,222.0,1,1125,89,2,0,4.5,4.5,4.5,4.5,4.5,5.0,5.0,True,1,0.03
1487,13591658.0,within an hour,1.0,0.95,True,18,True,True,Cuajimalpa de Morelos,19.36783,-99.26906,Shared room,2,1.0,1.0,2.0,799.0,1,1124,357,16,0,4.75,5.0,4.69,4.75,4.88,4.94,4.88,True,18,0.26
1504,13622872.0,within an hour,1.0,0.95,True,18,True,True,Cuajimalpa de Morelos,19.36686,-99.26983,Shared room,4,1.0,1.0,2.0,799.0,1,1125,363,12,0,4.67,4.83,4.92,4.92,4.92,4.92,4.75,True,18,0.2
1853,15165035.0,a few days or more,0.0,0.0,False,1,True,False,Ãlvaro ObregÃ³n,19.33251,-99.23823,Shared room,3,1.0,1.0,1.0,12000.0,1,1125,365,0,0,4.7,4.78,4.75,4.83,4.81,4.84,4.72,False,1,0.0
1958,15720173.0,a few days or more,0.0,0.0,False,1,True,False,CoyoacÃ¡n,19.32671,-99.13942,Shared room,1,2.0,1.0,4.0,427.0,1,30,90,0,0,4.7,4.78,4.75,4.83,4.81,4.84,4.72,False,1,0.0
2232,16726113.0,within a day,0.5,0.0,False,3,True,True,Venustiano Carranza,19.45021,-99.09209,Shared room,2,1.0,1.0,2.0,304.0,1,5,358,12,0,4.75,5.0,4.92,4.92,4.92,5.0,4.75,False,2,0.18
2350,17370011.0,unknown,0.0,0.0,False,1,True,False,CuauhtÃ©moc,19.46031,-99.14565,Shared room,1,1.0,1.0,1.0,350.0,1,30,365,0,0,4.7,4.78,4.75,4.83,4.81,4.84,4.72,False,1,0.0
2537,17721518.0,within an hour,0.9,1.0,False,1,True,True,CoyoacÃ¡n,19.32172,-99.16194,Shared room,1,1.0,1.0,1.0,203.0,1,1125,152,18,8,4.39,4.61,4.61,4.94,4.83,4.83,4.5,True,1,0.32
2583,17964379.0,within a few hours,1.0,0.5,False,2,True,False,CoyoacÃ¡n,19.31947,-99.14869,Shared room,1,1.0,1.0,1.0,404.0,1,1125,0,0,0,4.7,4.78,4.75,4.83,4.81,4.84,4.72,True,2,0.0
2756,18451165.0,unknown,0.0,0.0,False,1,True,False,Benito JuÃ¡rez,19.36154,-99.15249,Shared room,2,1.0,1.0,1.0,10141.0,1,1125,365,0,0,4.7,4.78,4.75,4.83,4.81,4.84,4.72,False,1,0.0
2829,18961868.0,unknown,0.0,1.0,False,1,True,True,CuauhtÃ©moc,19.42833,-99.15497,Shared room,1,1.0,1.0,1.0,400.0,1,1125,179,1,0,3.0,5.0,2.0,5.0,5.0,5.0,5.0,False,1,0.02
2862,19197330.0,a few days or more,0.0,0.0,False,1,True,False,CoyoacÃ¡n,19.30091,-99.15932,Shared room,8,1.0,1.0,7.0,329.0,30,365,365,1,0,5.0,5.0,5.0,5.0,5.0,5.0,5.0,False,1,0.02
2866,19037182.0,unknown,0.0,0.8,False,1,True,False,Iztacalco,19.3971,-99.10629,Shared room,2,1.0,1.0,2.0,730.0,2,1125,83,14,3,4.86,5.0,5.0,5.0,4.93,4.71,4.93,False,1,0.25
2966,19509304.0,within an hour,1.0,0.96,False,3,True,True,CuauhtÃ©moc,19.44147,-99.16485,Shared room,4,1.5,1.0,2.0,699.0,2,100,327,117,7,4.87,4.88,4.74,4.97,4.91,4.84,4.8,True,3,1.94
2991,19333425.0,unknown,0.0,0.0,False,2,True,False,Tlalpan,19.28528,-99.22093,Shared room,2,1.5,1.0,2.0,226.0,120,1125,365,0,0,4.7,4.78,4.75,4.83,4.81,4.84,4.72,True,2,0.0
3308,20820482.0,a few days or more,0.0,0.0,False,3,True,True,Benito JuÃ¡rez,19.36113,-99.14758,Shared room,1,3.0,1.0,3.0,270.0,1,1125,365,10,0,4.9,4.9,4.8,4.8,5.0,5.0,4.8,False,3,0.18
3324,20833518.0,a few days or more,0.0,0.0,False,1,True,False,Miguel Hidalgo,19.44359,-99.16647,Shared room,2,1.0,1.0,1.0,300.0,2,6,364,1,0,5.0,5.0,5.0,5.0,5.0,5.0,5.0,False,1,0.02
3432,21526638.0,a few days or more,0.0,0.0,False,2,True,True,Miguel Hidalgo,19.40102,-99.17654,Shared room,2,1.5,1.0,1.0,450.0,14,1125,179,14,0,4.77,4.77,4.77,5.0,4.54,5.0,4.92,False,1,0.25
3449,21279761.0,within a day,0.5,0.0,False,2,True,False,Venustiano Carranza,19.42377,-99.08804,Shared room,2,1.0,1.0,1.0,400.0,1,1125,179,0,0,4.7,4.78,4.75,4.83,4.81,4.84,4.72,False,2,0.0
3469,21551489.0,unknown,0.0,0.0,False,1,True,False,Tlalpan,19.28482,-99.14765,Shared room,1,1.0,1.0,1.0,200.0,5,7,365,1,0,1.0,1.0,1.0,1.0,1.0,1.0,1.0,True,1,0.02
3484,21153091.0,within a day,1.0,0.92,True,1,True,True,CuauhtÃ©moc,19.4118,-99.14451,Shared room,2,1.5,1.0,1.0,250.0,1,15,49,28,3,4.79,4.89,4.32,4.96,5.0,4.86,4.75,True,2,0.49
3499,21314149.0,unknown,0.0,0.0,False,1,True,False,Venustiano Carranza,19.41116,-99.12539,Shared room,1,1.0,1.0,1.0,270.0,1,1125,87,1,0,0.0,4.78,4.75,4.83,4.81,4.84,4.72,False,1,0.02
3576,21819110.0,unknown,0.0,0.0,False,1,False,False,Miguel Hidalgo,19.44445,-99.17778,Shared room,1,1.0,1.0,1.0,192.0,10,10,365,0,0,4.7,4.78,4.75,4.83,4.81,4.84,4.72,True,1,0.0
3805,22630140.0,within an hour,0.99,1.0,True,23,True,True,CuauhtÃ©moc,19.43044,-99.16378,Shared room,1,1.0,1.0,1.0,265.0,1,44,81,222,77,4.78,4.86,4.78,4.83,4.88,4.97,4.75,True,20,4.16
4044,22927533.0,within a few hours,1.0,1.0,False,2,True,True,Benito JuÃ¡rez,19.35951,-99.15808,Shared room,1,1.0,1.0,1.0,527.0,5,30,171,1,0,5.0,5.0,5.0,5.0,5.0,5.0,5.0,False,2,0.02
4442,24183514.0,within a day,0.78,0.0,False,1,True,False,CuauhtÃ©moc,19.44979,-99.13706,Shared room,2,1.0,1.0,1.0,200.0,3,7,164,1,0,5.0,5.0,5.0,5.0,5.0,5.0,5.0,False,1,0.02
4544,24250847.0,a few days or more,0.0,0.0,False,1,True,False,Tlalpan,19.26477,-99.2006,Shared room,4,1.0,1.0,1.0,300.0,2,18,90,0,0,4.7,4.78,4.75,4.83,4.81,4.84,4.72,False,1,0.0
4596,24995178.0,a few days or more,0.25,1.0,False,1,True,False,Iztapalapa,19.34271,-99.06489,Shared room,2,1.0,1.0,1.0,243.0,1,1125,365,0,0,4.7,4.78,4.75,4.83,4.81,4.84,4.72,True,1,0.0
4600,24540559.0,a few days or more,0.0,0.0,False,0,True,True,Tlalpan,19.26262,-99.17713,Shared room,1,1.5,1.0,1.0,350.0,3,20,365,0,0,4.7,4.78,4.75,4.83,4.81,4.84,4.72,True,2,0.0
4734,24822788.0,a few days or more,0.0,0.0,False,3,True,False,Benito JuÃ¡rez,19.3972,-99.15737,Shared room,5,1.0,1.0,5.0,1014.0,2,1125,364,0,0,4.7,4.78,4.75,4.83,4.81,4.84,4.72,False,3,0.0
4879,25889443.0,within an hour,0.99,1.0,True,23,True,True,CuauhtÃ©moc,19.43071,-99.16396,Shared room,1,1.0,1.0,1.0,265.0,1,20,88,99,21,4.78,4.93,4.63,4.87,4.93,4.96,4.77,True,20,2.03
4940,25978305.0,a few days or more,0.0,0.0,False,1,True,False,CuauhtÃ©moc,19.41024,-99.17842,Shared room,3,1.0,1.0,2.0,560.0,2,30,365,1,0,3.0,5.0,5.0,5.0,5.0,5.0,3.0,True,1,0.02
5018,26687899.0,a few days or more,0.0,0.0,False,1,True,False,Venustiano Carranza,19.42141,-99.1161,Shared room,2,1.0,1.0,1.0,7241.0,1,15,90,0,0,4.7,4.78,4.75,4.83,4.81,4.84,4.72,True,1,0.0
5048,26710365.0,within a day,1.0,0.5,False,1,True,True,Tlalpan,19.291,-99.11843,Shared room,2,1.0,1.0,2.0,300.0,2,365,179,2,0,5.0,5.0,5.0,5.0,5.0,5.0,5.0,True,1,0.05
5097,26772017.0,a few days or more,0.0,0.0,False,1,True,True,Cuajimalpa de Morelos,19.32502,-99.29182,Shared room,3,1.0,1.0,1.0,1300.0,1,7,365,0,0,4.7,4.78,4.75,4.83,4.81,4.84,4.72,True,1,0.0
5285,27656261.0,unknown,0.0,0.0,False,1,True,False,La Magdalena Contreras,19.30564,-99.26347,Shared room,1,2.0,1.0,1.0,600.0,1,6,365,0,0,4.7,4.78,4.75,4.83,4.81,4.84,4.72,True,1,0.0
5491,28346421.0,unknown,0.0,0.0,False,1,True,False,CuauhtÃ©moc,19.41657,-99.15377,Shared room,2,1.0,1.0,1.0,1300.0,1,30,365,2,0,3.0,3.0,3.0,3.0,3.0,3.0,3.0,True,1,0.04
5514,28085154.0,unknown,0.0,0.0,False,1,True,False,Milpa Alta,19.18735,-99.07146,Shared room,2,1.0,1.0,1.0,550.0,1,2,177,0,0,4.7,4.78,4.75,4.83,4.81,4.84,4.72,True,1,0.0
5854,29940479.0,within a few hours,0.9,0.43,False,3,True,True,CoyoacÃ¡n,19.34279,-99.17109,Shared room,2,1.0,1.0,1.0,450.0,1,1125,87,1,0,5.0,5.0,5.0,5.0,5.0,5.0,5.0,False,1,0.03
5873,29658935.0,unknown,0.0,0.0,False,1,True,True,Ãlvaro ObregÃ³n,19.36731,-99.20276,Shared room,1,1.0,1.0,1.0,500.0,1,1125,365,0,0,4.7,4.78,4.75,4.83,4.81,4.84,4.72,True,1,0.0
5939,29608797.0,a few days or more,0.0,0.0,False,1,True,False,CuauhtÃ©moc,19.45862,-99.14072,Shared room,1,1.0,1.0,1.0,300.0,1,1125,179,0,0,4.7,4.78,4.75,4.83,4.81,4.84,4.72,True,1,0.0
6001,29849738.0,within an hour,1.0,1.0,False,11,True,True,CuauhtÃ©moc,19.40444,-99.16269,Shared room,1,1.0,1.0,1.0,159.0,1,180,355,14,3,4.21,4.0,4.07,4.64,4.64,4.5,3.93,True,9,0.36
6032,29881852.0,unknown,0.0,0.0,False,2,True,False,Miguel Hidalgo,19.44713,-99.21094,Shared room,2,1.0,1.0,1.0,700.0,2,1125,364,0,0,4.7,4.78,4.75,4.83,4.81,4.84,4.72,False,2,0.0
6093,30512284.0,unknown,0.0,0.0,False,0,True,False,Benito JuÃ¡rez,19.39029,-99.15698,Shared room,2,1.0,1.0,1.0,710.0,1,1125,364,1,0,0.0,4.78,4.75,4.83,4.81,4.84,4.72,True,1,0.02
6204,30954061.0,unknown,0.0,1.0,False,1,True,False,CuauhtÃ©moc,19.43568,-99.16881,Shared room,1,1.0,1.0,1.0,608.0,1,1125,89,1,1,1.0,1.0,3.0,1.0,1.0,3.0,1.0,True,1,0.08
6454,31518641.0,unknown,0.0,0.0,False,1,True,False,CuauhtÃ©moc,19.45321,-99.14733,Shared room,1,1.0,1.0,1.0,250.0,1,7,179,0,0,4.7,4.78,4.75,4.83,4.81,4.84,4.72,True,1,0.0
6524,31588864.0,within an hour,1.0,0.67,False,3,True,True,TlÃ¡huac,19.28085,-99.05478,Shared room,1,1.0,1.0,1.0,200.0,1,1125,179,4,1,3.5,3.75,2.75,3.5,4.0,3.5,3.0,False,2,0.12
6580,31639592.0,within an hour,1.0,0.97,False,5,True,True,CuauhtÃ©moc,19.44977,-99.15633,Shared room,3,1.0,1.0,3.0,650.0,2,1125,350,5,0,5.0,5.0,5.0,5.0,5.0,5.0,4.8,True,5,0.12
6590,31883189.0,within an hour,1.0,1.0,True,6,True,True,CuauhtÃ©moc,19.44989,-99.16035,Shared room,16,3.5,1.0,18.0,230.0,1,1125,180,8,0,4.75,4.88,4.75,5.0,5.0,5.0,4.38,True,6,0.19
6643,32381892.0,within an hour,1.0,1.0,True,6,True,True,CuauhtÃ©moc,19.45009,-99.16198,Shared room,16,3.0,1.0,18.0,230.0,1,1125,180,17,8,4.88,5.0,4.88,5.0,4.94,4.94,4.94,True,6,0.42
6655,32197684.0,a few days or more,0.0,0.0,False,1,True,False,Tlalpan,19.30002,-99.17222,Shared room,1,1.0,1.0,1.0,200.0,3,1125,364,1,0,5.0,5.0,5.0,5.0,5.0,5.0,5.0,False,1,0.02
6713,32058047.0,within a day,0.6,0.46,False,4,True,True,Benito JuÃ¡rez,19.3598,-99.15468,Shared room,1,1.0,1.0,1.0,1000.0,1,1125,365,1,0,2.0,1.0,4.0,1.0,1.0,4.0,1.0,True,1,0.02
6741,32475002.0,within a few hours,1.0,1.0,False,0,True,True,Ãlvaro ObregÃ³n,19.38345,-99.2001,Shared room,1,1.0,1.0,1.0,212.0,1,365,365,2,2,5.0,5.0,5.0,5.0,5.0,5.0,5.0,True,1,0.58
6762,32501619.0,within an hour,1.0,1.0,True,6,True,True,CuauhtÃ©moc,19.4481,-99.16179,Shared room,16,3.5,1.0,18.0,400.0,1,1125,365,3,0,4.33,5.0,5.0,5.0,4.67,5.0,5.0,True,6,0.08
6783,32316684.0,within an hour,1.0,1.0,True,6,True,True,CuauhtÃ©moc,19.44828,-99.16225,Shared room,16,3.5,1.0,18.0,400.0,1,1125,365,3,0,4.67,4.67,4.67,4.67,4.67,5.0,4.67,True,6,0.08
6833,32822267.0,a few days or more,0.0,0.0,False,2,True,True,CoyoacÃ¡n,19.30985,-99.17269,Shared room,6,1.0,1.0,6.0,3000.0,30,180,365,0,0,4.7,4.78,4.75,4.83,4.81,4.84,4.72,True,2,0.0
6870,32847824.0,within an hour,1.0,1.0,False,11,True,True,CuauhtÃ©moc,19.40444,-99.16269,Shared room,1,1.0,1.0,2.0,149.0,1,180,360,0,0,4.7,4.78,4.75,4.83,4.81,4.84,4.72,True,9,0.0
6924,33077468.0,within an hour,1.0,0.98,False,3,True,False,Iztacalco,19.40062,-99.10307,Shared room,2,1.0,1.0,1.0,500.0,1,1125,326,27,3,4.67,4.74,4.85,4.74,4.93,4.7,4.7,True,3,0.68
6931,33078283.0,within an hour,1.0,0.98,False,3,True,False,Iztacalco,19.40249,-99.10353,Shared room,2,1.0,1.0,1.0,800.0,1,1125,146,33,2,4.61,4.55,4.88,4.76,4.88,4.64,4.64,True,3,0.83
7014,33169462.0,unknown,0.0,0.0,False,1,True,False,CoyoacÃ¡n,19.31864,-99.17257,Shared room,4,1.0,1.0,3.0,400.0,3,30,358,1,0,1.0,1.0,1.0,1.0,1.0,1.0,1.0,False,1,0.03
7037,33199776.0,within a day,1.0,0.5,False,1,True,True,CuauhtÃ©moc,19.43027,-99.15572,Shared room,2,1.0,1.0,1.0,550.0,1,1125,361,5,2,5.0,5.0,4.8,5.0,5.0,5.0,4.6,False,1,0.13
7048,32994838.0,unknown,0.0,1.0,False,1,True,False,Benito JuÃ¡rez,19.39205,-99.14208,Shared room,4,1.0,1.0,1.0,214.0,1,15,0,9,1,4.56,4.56,4.44,4.33,4.56,4.56,4.44,False,1,0.23
7193,33810636.0,within an hour,0.99,1.0,True,23,True,True,CuauhtÃ©moc,19.43071,-99.16396,Shared room,1,1.0,1.0,1.0,259.0,1,44,85,55,29,4.8,4.85,4.8,4.89,4.82,4.96,4.69,True,20,1.42
7196,33816608.0,within an hour,1.0,0.94,False,4,True,True,Iztacalco,19.39862,-99.09517,Shared room,1,1.5,1.0,0.0,300.0,1,1125,167,41,17,4.8,4.88,4.88,4.85,4.85,5.0,4.8,True,3,1.09
7302,33719507.0,within an hour,1.0,1.0,False,5,True,True,Benito JuÃ¡rez,19.39257,-99.16286,Shared room,2,1.5,1.0,1.0,275.0,1,50,365,55,7,4.84,4.85,4.76,4.91,4.96,4.96,4.93,True,6,1.43
7447,34600699.0,within an hour,1.0,1.0,False,7,True,True,CuauhtÃ©moc,19.43109,-99.13571,Shared room,1,1.0,1.0,8.0,345.0,1,365,25,5,4,4.4,5.0,4.8,4.6,5.0,4.8,4.6,True,7,0.15
7565,34226890.0,a few days or more,0.0,1.0,False,1,True,True,Tlalpan,19.26399,-99.16803,Shared room,2,1.0,1.0,2.0,400.0,1,1125,268,1,0,3.0,4.0,5.0,4.0,3.0,5.0,5.0,True,1,0.03
7619,35114896.0,within an hour,1.0,1.0,False,7,True,True,CuauhtÃ©moc,19.4295,-99.13583,Shared room,1,1.0,1.0,6.0,401.0,1,365,25,3,2,3.67,3.67,3.67,3.67,3.67,3.67,3.67,True,7,0.17
7620,35115936.0,within an hour,1.0,1.0,False,7,True,True,CuauhtÃ©moc,19.42972,-99.13564,Shared room,1,1.0,1.0,6.0,435.0,1,365,23,1,1,5.0,5.0,5.0,5.0,5.0,5.0,5.0,True,7,0.6
7630,34754206.0,unknown,0.0,0.0,False,1,True,False,Venustiano Carranza,19.44449,-99.09861,Shared room,4,2.0,1.0,4.0,1500.0,1,1125,364,0,0,4.7,4.78,4.75,4.83,4.81,4.84,4.72,True,1,0.0
7717,35003403.0,within an hour,1.0,0.91,True,21,True,True,CuauhtÃ©moc,19.42827,-99.13854,Shared room,2,4.0,1.0,2.0,251.0,1,30,0,21,6,4.9,4.86,4.76,4.9,5.0,5.0,4.71,True,13,0.56
7718,35004257.0,within an hour,1.0,0.91,True,21,True,True,CuauhtÃ©moc,19.42744,-99.13983,Shared room,1,4.0,1.0,1.0,263.0,1,30,0,3,0,5.0,5.0,4.67,5.0,5.0,5.0,4.67,True,13,0.08
7722,35009998.0,within an hour,1.0,0.91,True,21,True,True,CuauhtÃ©moc,19.42845,-99.13941,Shared room,2,4.0,1.0,2.0,263.0,1,30,172,18,0,4.89,5.0,4.94,4.94,5.0,5.0,4.94,True,13,0.48
7761,35052330.0,within an hour,1.0,0.91,True,21,True,True,CuauhtÃ©moc,19.42631,-99.13778,Shared room,1,4.0,1.0,2.0,251.0,1,30,0,31,2,4.87,4.94,4.81,4.94,4.94,4.97,4.9,True,13,0.85
7763,35056443.0,within an hour,1.0,0.91,True,21,True,True,CuauhtÃ©moc,19.42846,-99.13853,Shared room,1,4.0,1.0,1.0,251.0,1,30,0,5,0,5.0,5.0,4.8,5.0,5.0,5.0,5.0,True,13,0.14
7764,35057956.0,within an hour,1.0,0.91,True,21,True,True,CuauhtÃ©moc,19.42815,-99.13789,Shared room,1,4.0,1.0,1.0,251.0,1,30,0,0,0,4.7,4.78,4.75,4.83,4.81,4.84,4.72,True,13,0.0
7765,35058191.0,within an hour,1.0,0.91,True,21,True,True,CuauhtÃ©moc,19.42674,-99.13967,Shared room,1,4.0,1.0,6.0,251.0,1,30,1,5,3,5.0,5.0,5.0,5.0,5.0,5.0,5.0,True,13,0.14
7772,35058408.0,within an hour,1.0,0.91,True,21,True,True,CuauhtÃ©moc,19.42812,-99.1381,Shared room,1,4.0,1.0,1.0,263.0,1,30,4,0,0,4.7,4.78,4.75,4.83,4.81,4.84,4.72,True,13,0.0
7777,35059441.0,within an hour,1.0,0.91,True,21,True,True,CuauhtÃ©moc,19.42636,-99.13998,Shared room,1,4.0,1.0,1.0,251.0,1,30,112,0,0,4.7,4.78,4.75,4.83,4.81,4.84,4.72,True,13,0.0
7786,35059850.0,within an hour,1.0,0.91,True,21,True,True,CuauhtÃ©moc,19.4282,-99.13927,Shared room,1,4.0,1.0,1.0,263.0,1,30,0,2,2,5.0,5.0,5.0,5.0,5.0,4.5,4.5,True,13,0.25
7791,35232830.0,within an hour,1.0,0.91,True,21,True,True,CuauhtÃ©moc,19.42663,-99.14002,Shared room,1,4.0,1.0,2.0,263.0,1,30,0,9,1,5.0,4.89,5.0,5.0,4.89,4.89,5.0,True,13,0.25
7801,35240912.0,a few days or more,0.0,0.0,False,1,True,False,Azcapotzalco,19.49764,-99.18717,Shared room,16,1.0,1.0,35.0,200.0,30,360,365,0,0,4.7,4.78,4.75,4.83,4.81,4.84,4.72,True,1,0.0
7956,35734220.0,within an hour,1.0,0.91,True,21,True,True,CuauhtÃ©moc,19.42319,-99.13772,Shared room,1,4.0,1.0,2.0,263.0,1,30,0,0,0,4.7,4.78,4.75,4.83,4.81,4.84,4.72,True,13,0.0
8042,36144496.0,unknown,0.0,0.0,False,2,True,False,Tlalpan,19.28517,-99.22131,Shared room,2,1.5,1.0,2.0,200.0,120,1125,364,0,0,4.7,4.78,4.75,4.83,4.81,4.84,4.72,False,2,0.0
8088,36417629.0,unknown,0.0,0.0,False,1,True,False,Ãlvaro ObregÃ³n,19.35808,-99.25466,Shared room,1,1.0,1.0,0.0,350.0,1,10,179,4,0,5.0,5.0,4.75,5.0,5.0,5.0,5.0,False,1,0.11
8506,37707725.0,unknown,0.0,0.0,False,1,True,False,CoyoacÃ¡n,19.34195,-99.18017,Shared room,3,1.0,1.0,1.0,4400.0,6,1125,180,0,0,4.7,4.78,4.75,4.83,4.81,4.84,4.72,True,1,0.0
8589,37740262.0,a few days or more,0.0,0.0,False,2,True,False,Ãlvaro ObregÃ³n,19.34827,-99.18891,Shared room,2,1.5,1.0,2.0,400.0,1,30,365,0,0,4.7,4.78,4.75,4.83,4.81,4.84,4.72,False,1,0.0
8758,38078229.0,within a day,0.5,1.0,False,0,True,True,CuauhtÃ©moc,19.41903,-99.15703,Shared room,3,1.0,1.0,2.0,1193.0,2,1125,89,28,1,4.71,4.86,4.79,4.86,4.86,4.96,4.86,True,2,0.82
8763,38098751.0,unknown,0.0,0.0,False,0,True,False,Iztapalapa,19.34165,-98.97853,Shared room,2,1.0,1.0,2.0,219.0,1,1125,30,0,0,4.7,4.78,4.75,4.83,4.81,4.84,4.72,True,1,0.0
8793,38216913.0,unknown,0.0,0.0,False,0,True,False,Iztacalco,19.38502,-99.13206,Shared room,6,2.0,1.0,6.0,280.0,7,30,365,0,0,4.7,4.78,4.75,4.83,4.81,4.84,4.72,True,1,0.0
8803,38219708.0,unknown,0.0,0.0,False,2,True,False,Milpa Alta,19.19653,-99.02629,Shared room,2,1.0,1.0,5.0,527.0,1,1125,358,1,0,0.0,4.78,4.75,4.83,4.81,4.84,4.72,True,1,0.03
9070,38797501.0,within a day,0.5,0.5,False,1,True,True,CoyoacÃ¡n,19.31062,-99.1057,Shared room,1,1.0,1.0,1.0,236.0,2,1125,178,0,0,4.7,4.78,4.75,4.83,4.81,4.84,4.72,True,2,0.0
9099,38936019.0,within an hour,1.0,1.0,False,5,True,True,Benito JuÃ¡rez,19.40016,-99.15979,Shared room,3,1.0,1.0,2.0,406.0,1,1125,365,3,2,4.33,4.33,3.67,5.0,5.0,4.33,4.0,True,6,0.14
9137,38962235.0,unknown,0.0,0.0,False,2,True,False,Iztacalco,19.39915,-99.13443,Shared room,4,1.0,1.0,3.0,1000.0,2,365,365,0,0,4.7,4.78,4.75,4.83,4.81,4.84,4.72,True,1,0.0
9257,39223541.0,within an hour,1.0,1.0,False,11,True,True,CuauhtÃ©moc,19.40444,-99.16269,Shared room,1,1.0,1.0,2.0,90.0,1,180,356,15,7,4.4,4.47,4.2,4.67,4.6,4.73,4.27,True,9,0.48
9265,39227223.0,within an hour,1.0,1.0,False,11,True,True,CuauhtÃ©moc,19.40444,-99.16269,Shared room,1,1.0,1.0,2.0,129.0,1,180,358,13,1,4.69,4.62,4.54,4.85,4.77,4.92,4.69,True,9,0.41
9267,39228937.0,within an hour,1.0,1.0,False,11,True,True,CuauhtÃ©moc,19.40444,-99.16269,Shared room,1,1.0,1.0,1.0,149.0,1,90,365,10,0,4.56,4.67,4.67,5.0,4.89,4.89,4.67,True,9,0.31
9320,39395746.0,a few days or more,0.0,0.0,False,0,True,True,Iztapalapa,19.37358,-99.03704,Shared room,4,2.0,1.0,3.0,287.0,3,1125,180,1,0,5.0,5.0,4.0,5.0,5.0,5.0,5.0,False,1,0.03
9437,39608186.0,a few days or more,0.0,0.0,False,0,True,False,Venustiano Carranza,19.42375,-99.06895,Shared room,1,1.0,1.0,2.0,229.0,1,7,180,1,0,5.0,5.0,5.0,5.0,5.0,4.0,5.0,False,1,0.03
9469,39677929.0,unknown,0.0,0.0,False,0,True,False,Cuajimalpa de Morelos,19.34665,-99.31265,Shared room,1,1.0,1.0,2.0,191.0,1,7,365,0,0,4.7,4.78,4.75,4.83,4.81,4.84,4.72,True,1,0.0
9483,39686228.0,within a day,0.5,0.0,False,1,True,False,Tlalpan,19.27449,-99.20953,Shared room,2,1.0,1.0,1.0,250.0,1,7,364,0,0,4.7,4.78,4.75,4.83,4.81,4.84,4.72,False,1,0.0
9597,40205747.0,unknown,0.0,0.0,False,1,True,False,Venustiano Carranza,19.44516,-99.0644,Shared room,2,1.0,1.0,1.0,913.0,1,1125,365,0,0,4.7,4.78,4.75,4.83,4.81,4.84,4.72,True,1,0.0
9751,40706470.0,a few days or more,0.33,0.5,False,2,True,True,CuauhtÃ©moc,19.40381,-99.16238,Shared room,8,1.0,1.0,2.0,1200.0,1,30,83,0,0,4.7,4.78,4.75,4.83,4.81,4.84,4.72,True,2,0.0
9788,40738209.0,a few days or more,0.33,0.5,False,2,True,True,CuauhtÃ©moc,19.40503,-99.16024,Shared room,5,0.0,1.0,5.0,588.0,1,1125,173,1,0,3.0,4.0,2.0,5.0,4.0,4.0,3.0,True,2,0.03
9831,40482603.0,a few days or more,0.33,0.0,False,4,True,True,Benito JuÃ¡rez,19.39924,-99.16957,Shared room,1,2.0,1.0,2.0,505.0,1,1125,89,1,0,5.0,5.0,5.0,5.0,5.0,5.0,5.0,False,3,0.03
9872,40806315.0,within an hour,1.0,1.0,False,11,True,True,CuauhtÃ©moc,19.40527,-99.16192,Shared room,1,1.0,1.0,1.0,131.0,1,1125,361,6,4,4.67,4.33,4.83,4.83,5.0,5.0,4.67,True,9,0.2
9874,40806671.0,within an hour,1.0,1.0,False,11,True,True,CuauhtÃ©moc,19.40354,-99.16188,Shared room,1,1.0,1.0,2.0,90.0,1,1125,365,7,3,4.86,4.71,5.0,5.0,5.0,5.0,4.86,True,9,0.23
9902,40632774.0,within an hour,1.0,1.0,False,0,True,True,CuauhtÃ©moc,19.41142464,-99.16506958,Shared room,2,1.5,1.0,1.0,600.0,3,30,177,0,0,4.7,4.78,4.75,4.83,4.81,4.84,4.72,False,2,0.0
9991,41400197.0,a few days or more,0.0,0.0,False,0,True,False,CoyoacÃ¡n,19.34038,-99.1818,Shared room,1,1.0,1.0,1.0,187.0,7,8,81,0,0,4.7,4.78,4.75,4.83,4.81,4.84,4.72,False,1,0.0
10001,41026163.0,unknown,0.0,0.0,False,1,True,False,Gustavo A. Madero,19.48158,-99.10146,Shared room,2,2.0,1.0,1.0,650.0,1,1125,179,0,0,4.7,4.78,4.75,4.83,4.81,4.84,4.72,True,1,0.0
10010,41184518.0,a few days or more,0.0,0.0,False,2,True,True,CoyoacÃ¡n,19.30908,-99.17281,Shared room,4,1.0,1.0,4.0,250.0,30,180,365,1,1,1.0,1.0,1.0,1.0,1.0,1.0,1.0,True,2,0.08
10086,41454296.0,within an hour,1.0,0.95,False,55,True,True,Miguel Hidalgo,19.43628,-99.18551,Shared room,8,2.0,1.0,8.0,1501.0,1,365,317,1,1,5.0,4.0,5.0,5.0,5.0,5.0,5.0,False,29,0.21
10101,41462412.0,unknown,0.0,0.0,False,1,True,False,Ãlvaro ObregÃ³n,19.38798,-99.22331,Shared room,2,1.0,1.0,1.0,608.0,1,90,365,0,0,4.7,4.78,4.75,4.83,4.81,4.84,4.72,True,1,0.0
10291,41801898.0,unknown,0.0,0.0,False,0,True,False,Iztapalapa,19.35455,-99.07393,Shared room,4,1.5,1.0,0.0,1700.0,3,1125,90,0,0,4.7,4.78,4.75,4.83,4.81,4.84,4.72,True,1,0.0
10348,42119973.0,a few days or more,0.0,0.0,False,0,True,False,Tlalpan,19.29148,-99.12506,Shared room,2,1.5,1.0,0.0,350.0,2,1125,180,0,0,4.7,4.78,4.75,4.83,4.81,4.84,4.72,True,1,0.0
10424,42050927.0,within an hour,1.0,0.0,False,0,True,True,Miguel Hidalgo,19.4565,-99.21232,Shared room,1,1.0,1.0,0.0,2230.0,1,14,179,1,0,5.0,5.0,4.0,5.0,5.0,5.0,5.0,False,3,0.04
10605,42496463.0,within an hour,1.0,1.0,False,11,True,True,CuauhtÃ©moc,19.40548,-99.16198,Shared room,1,1.0,1.0,1.0,140.0,1,180,335,12,8,5.0,4.92,4.75,5.0,5.0,5.0,4.92,True,9,0.43
10682,42539228.0,within an hour,0.99,1.0,True,23,True,True,CuauhtÃ©moc,19.43071,-99.16396,Shared room,1,1.0,1.0,1.0,254.0,1,44,86,50,26,4.72,4.64,4.7,4.84,4.82,4.92,4.56,True,20,1.78
10968,43023297.0,unknown,0.0,0.0,False,0,True,False,Gustavo A. Madero,19.5522,-99.15234,Shared room,2,1.0,1.0,1.0,528.0,3,30,344,0,0,4.7,4.78,4.75,4.83,4.81,4.84,4.72,True,1,0.0
11061,43519836.0,unknown,0.0,0.0,False,0,True,False,Benito JuÃ¡rez,19.35789,-99.15264,Shared room,4,3.0,1.0,5.0,231.0,30,1125,365,0,0,4.7,4.78,4.75,4.83,4.81,4.84,4.72,False,1,0.0
11124,43133053.0,within an hour,0.92,1.0,False,6,True,True,CuauhtÃ©moc,19.42645,-99.14252,Shared room,1,1.0,1.0,0.0,335.0,1,1125,190,84,66,4.45,4.54,4.44,4.69,4.35,4.71,4.6,True,12,3.85
11125,43133165.0,within an hour,0.92,1.0,False,6,True,True,CuauhtÃ©moc,19.42767,-99.14219,Shared room,1,1.0,1.0,0.0,415.0,1,1125,173,1,0,5.0,4.0,5.0,5.0,5.0,5.0,5.0,True,12,0.04
11126,43133212.0,within an hour,0.92,1.0,False,6,True,True,CuauhtÃ©moc,19.42675,-99.14259,Shared room,1,1.0,1.0,0.0,415.0,1,1125,192,5,5,4.4,4.6,3.8,4.6,4.6,4.6,4.8,True,12,1.61
11175,43846718.0,within an hour,0.89,0.98,False,0,True,True,CuauhtÃ©moc,19.42896,-99.13601,Shared room,10,0.0,1.0,5.0,1499.0,1,1125,362,11,11,4.91,5.0,4.91,5.0,4.82,5.0,4.91,True,3,1.51
11185,44064588.0,within an hour,1.0,1.0,False,25,True,True,CuauhtÃ©moc,19.43144,-99.1614,Shared room,1,4.0,1.0,1.0,289.0,1,30,321,2,1,5.0,4.5,4.0,4.5,5.0,5.0,5.0,True,22,0.15
11192,44074302.0,within an hour,1.0,1.0,False,25,True,True,CuauhtÃ©moc,19.43049,-99.16126,Shared room,1,4.5,1.0,1.0,289.0,1,30,320,0,0,4.7,4.78,4.75,4.83,4.81,4.84,4.72,True,22,0.0
11194,44074402.0,within an hour,1.0,1.0,False,25,True,True,CuauhtÃ©moc,19.42991,-99.15934,Shared room,1,4.0,1.0,1.0,289.0,1,30,319,2,2,5.0,5.0,5.0,5.0,5.0,5.0,4.5,True,22,0.38
11195,44074476.0,within an hour,1.0,1.0,False,25,True,True,CuauhtÃ©moc,19.43,-99.15937,Shared room,1,4.0,1.0,1.0,289.0,1,30,319,0,0,4.7,4.78,4.75,4.83,4.81,4.84,4.72,True,22,0.0
11199,44074486.0,within an hour,1.0,1.0,False,25,True,True,CuauhtÃ©moc,19.43086,-99.16115,Shared room,1,4.0,1.0,1.0,289.0,1,30,225,0,0,4.7,4.78,4.75,4.83,4.81,4.84,4.72,True,22,0.0
11200,44074573.0,within an hour,1.0,1.0,False,25,True,True,CuauhtÃ©moc,19.43211,-99.16082,Shared room,1,4.0,1.0,1.0,289.0,1,30,321,8,2,4.75,4.75,4.38,4.75,4.88,5.0,4.88,True,22,0.37
11202,44074639.0,within an hour,1.0,1.0,False,25,True,True,CuauhtÃ©moc,19.43025,-99.16112,Shared room,1,4.0,1.0,1.0,289.0,1,30,317,5,5,4.6,4.8,5.0,4.8,5.0,5.0,4.8,True,22,1.5
11224,43702019.0,within an hour,1.0,0.91,True,65,True,True,CuauhtÃ©moc,19.46201,-99.14536,Shared room,1,2.5,1.0,1.0,200.0,28,365,180,3,1,5.0,5.0,5.0,5.0,5.0,4.67,4.67,False,72,0.14
11233,43712695.0,within an hour,0.94,0.85,True,9,True,True,CuauhtÃ©moc,19.43379,-99.16396,Shared room,1,1.0,1.0,1.0,300.0,1,1125,365,45,31,4.78,4.82,4.84,4.89,4.91,4.98,4.84,False,12,2.49
11234,43712922.0,within an hour,0.94,0.85,True,9,True,True,CuauhtÃ©moc,19.43359,-99.16369,Shared room,2,1.0,1.0,1.0,505.0,1,1125,203,10,4,4.7,4.8,5.0,4.7,4.5,5.0,4.7,False,12,0.51
11266,43985699.0,within an hour,1.0,1.0,False,20,True,True,CuauhtÃ©moc,19.4291,-99.13463,Shared room,1,1.0,1.0,1.0,369.0,1,1125,361,0,0,4.7,4.78,4.75,4.83,4.81,4.84,4.72,True,20,0.0
11267,43986126.0,within an hour,1.0,1.0,False,20,True,True,CuauhtÃ©moc,19.4305,-99.13308,Shared room,1,1.0,1.0,8.0,358.0,1,1125,361,3,3,5.0,5.0,5.0,5.0,5.0,5.0,5.0,True,20,0.45
11272,43986164.0,within an hour,1.0,1.0,False,20,True,True,CuauhtÃ©moc,19.43098,-99.13477,Shared room,1,1.0,1.0,8.0,331.0,1,1125,355,25,18,4.28,4.44,4.36,4.32,4.28,4.8,4.68,True,20,1.18
11314,44015593.0,within an hour,1.0,0.91,True,65,True,True,CuauhtÃ©moc,19.46424,-99.14548,Shared room,1,2.5,1.0,1.0,206.0,28,365,180,3,3,4.67,5.0,5.0,5.0,5.0,5.0,4.67,False,72,0.49
11326,44022176.0,within an hour,1.0,0.91,True,65,True,True,CuauhtÃ©moc,19.46139,-99.14784,Shared room,1,3.0,1.0,1.0,200.0,28,365,357,2,0,5.0,4.5,5.0,5.0,5.0,5.0,5.0,False,72,0.1
11362,44051350.0,unknown,0.0,0.0,False,1,True,False,Benito JuÃ¡rez,19.36362,-99.16204,Shared room,1,1.0,1.0,0.0,7500.0,365,365,362,0,0,4.7,4.78,4.75,4.83,4.81,4.84,4.72,True,1,0.0
11378,44063290.0,within an hour,1.0,1.0,False,25,True,True,CuauhtÃ©moc,19.43227,-99.16113,Shared room,1,4.0,1.0,1.0,540.0,1,30,319,1,1,5.0,5.0,4.0,5.0,5.0,5.0,5.0,True,22,0.39
11380,44064457.0,within an hour,1.0,1.0,False,25,True,True,CuauhtÃ©moc,19.43083,-99.15913,Shared room,1,4.0,1.0,1.0,289.0,1,30,320,2,1,5.0,5.0,5.0,5.0,5.0,5.0,5.0,True,22,0.15
11456,44433437.0,a few days or more,0.25,0.5,False,0,True,False,Venustiano Carranza,19.42968,-99.10247,Shared room,1,1.0,1.0,0.0,225.0,3,5,365,0,0,4.7,4.78,4.75,4.83,4.81,4.84,4.72,False,1,0.0
11475,44231451.0,within an hour,0.89,0.98,False,0,True,True,CuauhtÃ©moc,19.43105,-99.13785,Shared room,10,0.0,1.0,5.0,1499.0,1,1125,365,3,0,5.0,5.0,4.0,5.0,4.33,5.0,4.67,True,3,0.14
11588,44538911.0,within an hour,1.0,0.96,True,23,True,True,CuauhtÃ©moc,19.42573,-99.16259,Shared room,1,1.0,1.0,1.0,450.0,3,31,185,64,33,4.95,4.94,4.88,4.98,4.94,4.95,4.89,False,13,2.84
11629,44946922.0,within an hour,1.0,0.96,True,23,True,True,CuauhtÃ©moc,19.42437,-99.1613,Shared room,1,1.0,1.0,1.0,480.0,3,31,190,19,11,4.79,4.89,4.89,4.79,4.89,4.95,5.0,False,13,0.88
11630,44948931.0,within an hour,1.0,0.96,True,23,True,True,CuauhtÃ©moc,19.4251,-99.16058,Shared room,2,1.0,1.0,1.0,931.0,3,28,167,0,0,4.7,4.78,4.75,4.83,4.81,4.84,4.72,False,13,0.0
11718,45102642.0,unknown,0.0,0.0,False,1,True,True,Miguel Hidalgo,19.43995,-99.18115,Shared room,1,1.0,1.0,1.0,406.0,20,30,364,0,0,4.7,4.78,4.75,4.83,4.81,4.84,4.72,True,1,0.0
11723,44998072.0,a few days or more,0.0,0.0,False,0,True,False,CuauhtÃ©moc,19.43927,-99.15228,Shared room,2,1.0,1.0,0.0,250.0,1,2,365,0,0,4.7,4.78,4.75,4.83,4.81,4.84,4.72,False,1,0.0
11797,45028306.0,a few days or more,0.3,0.0,False,11,True,False,CuauhtÃ©moc,19.42275,-99.16314,Shared room,1,1.0,1.0,1.0,300.0,60,365,363,0,0,4.7,4.78,4.75,4.83,4.81,4.84,4.72,True,5,0.0
11822,44687705.0,a few days or more,0.0,0.0,False,0,True,True,Xochimilco,19.24922,-99.10684,Shared room,2,1.0,1.0,1.0,224.0,15,1125,365,0,0,4.7,4.78,4.75,4.83,4.81,4.84,4.72,True,1,0.0
11823,45162410.0,within an hour,1.0,1.0,False,20,True,True,CuauhtÃ©moc,19.43146,-99.13443,Shared room,1,1.0,1.0,1.0,305.0,1,365,362,123,90,4.66,4.8,4.64,4.76,4.71,4.9,4.8,True,20,6.17
11846,45289412.0,within an hour,1.0,0.91,True,65,True,True,CuauhtÃ©moc,19.46431,-99.14497,Shared room,1,2.5,1.0,1.0,200.0,28,365,180,2,2,5.0,4.5,4.5,5.0,5.0,5.0,5.0,False,72,0.34
11858,45314674.0,within an hour,1.0,0.91,True,65,True,True,CuauhtÃ©moc,19.45938,-99.1479,Shared room,1,4.0,1.0,1.0,200.0,28,365,321,0,0,4.7,4.78,4.75,4.83,4.81,4.84,4.72,False,72,0.0
11921,45332254.0,within an hour,1.0,0.96,True,23,True,True,CuauhtÃ©moc,19.42622,-99.16268,Shared room,1,1.0,1.0,1.0,466.0,3,28,180,14,13,4.79,4.57,4.57,4.57,4.57,4.5,4.57,False,13,0.67
12007,45364826.0,unknown,0.0,0.0,False,0,True,False,Tlalpan,19.2151,-99.15874,Shared room,2,1.0,1.0,2.0,800.0,1,30,365,0,0,4.7,4.78,4.75,4.83,4.81,4.84,4.72,True,1,0.0
12018,45371347.0,within an hour,1.0,0.91,True,65,True,True,CuauhtÃ©moc,19.46278,-99.14544,Shared room,1,2.5,1.0,1.0,212.0,28,365,365,3,2,5.0,5.0,4.67,5.0,5.0,5.0,5.0,False,72,0.19
12060,45528197.0,unknown,0.0,1.0,False,0,True,False,Cuajimalpa de Morelos,19.35705,-99.27642,Shared room,4,3.0,1.0,1.0,2070.0,1,30,365,2,1,3.5,5.0,5.0,3.5,3.0,5.0,5.0,True,1,0.1
12069,45411590.0,within an hour,1.0,0.91,True,65,True,True,CuauhtÃ©moc,19.4595,-99.14836,Shared room,1,3.0,1.0,1.0,202.0,28,365,363,5,2,4.6,4.2,4.0,5.0,4.6,5.0,4.4,False,72,0.25
12160,45567150.0,unknown,0.0,0.0,False,0,True,False,Miguel Hidalgo,19.44803,-99.18382,Shared room,2,1.0,1.0,1.0,400.0,7,365,365,0,0,4.7,4.78,4.75,4.83,4.81,4.84,4.72,True,1,0.0
12173,45580014.0,within a few hours,1.0,0.22,False,0,True,True,CuauhtÃ©moc,19.41363,-99.16937,Shared room,16,10.0,1.0,24.0,221.0,30,1125,365,0,0,4.7,4.78,4.75,4.83,4.81,4.84,4.72,False,4,0.0
12174,45581277.0,within a few hours,1.0,0.22,False,0,True,True,CuauhtÃ©moc,19.43285,-99.16906,Shared room,16,8.5,1.0,20.0,221.0,30,1125,365,0,0,4.7,4.78,4.75,4.83,4.81,4.84,4.72,False,4,0.0
12175,45581397.0,within a few hours,1.0,0.22,False,0,True,True,CuauhtÃ©moc,19.40438,-99.16043,Shared room,9,3.5,1.0,9.0,221.0,30,1125,365,0,0,4.7,4.78,4.75,4.83,4.81,4.84,4.72,False,4,0.0
12215,45704364.0,unknown,0.0,0.0,False,0,True,False,CoyoacÃ¡n,19.33776,-99.18234,Shared room,5,1.0,1.0,5.0,17000.0,265,265,365,0,0,4.7,4.78,4.75,4.83,4.81,4.84,4.72,False,1,0.0
12272,45499208.0,within an hour,1.0,0.91,True,65,True,True,CuauhtÃ©moc,19.46069,-99.14871,Shared room,1,3.0,1.0,1.0,200.0,28,365,365,2,0,5.0,5.0,5.0,5.0,5.0,5.0,5.0,False,72,0.1
12440,45858156.0,within an hour,1.0,0.91,True,65,True,True,CuauhtÃ©moc,19.46457,-99.1442,Shared room,1,2.5,1.0,1.0,202.0,28,365,311,5,2,5.0,5.0,4.8,5.0,5.0,5.0,5.0,False,72,0.26
12455,45861509.0,within an hour,1.0,0.91,True,65,True,True,CuauhtÃ©moc,19.46087,-99.14849,Shared room,1,4.0,1.0,1.0,200.0,28,365,365,3,1,5.0,4.67,4.67,5.0,5.0,5.0,5.0,False,72,0.16
12798,46792871.0,within an hour,1.0,0.91,True,65,True,True,CuauhtÃ©moc,19.46426,-99.14419,Shared room,1,2.5,1.0,1.0,201.0,28,365,365,6,4,5.0,5.0,5.0,5.0,5.0,5.0,5.0,False,72,0.4
12814,46717456.0,within an hour,1.0,1.0,False,25,True,True,CuauhtÃ©moc,19.43019,-99.15992,Shared room,1,4.0,1.0,1.0,289.0,1,30,319,41,35,4.63,4.76,4.56,4.68,4.68,4.85,4.56,True,22,2.22
12839,46836250.0,within an hour,1.0,0.91,True,65,True,True,CuauhtÃ©moc,19.46396,-99.14571,Shared room,1,2.5,1.0,1.0,206.0,28,365,349,3,1,4.33,5.0,4.67,4.67,5.0,5.0,4.67,False,72,0.17
12867,46735305.0,within an hour,1.0,0.96,True,23,True,True,CuauhtÃ©moc,19.42472,-99.16229,Shared room,1,2.0,1.0,2.0,651.0,3,31,178,5,4,5.0,5.0,5.0,5.0,5.0,5.0,5.0,False,13,0.29
12874,46882350.0,within a few hours,1.0,0.22,False,0,True,True,CuauhtÃ©moc,19.41135,-99.16526,Shared room,16,2.0,1.0,20.0,225.0,1,1125,361,5,3,4.0,4.4,3.6,4.2,4.2,4.8,4.2,False,4,0.27
12884,46883444.0,within an hour,1.0,0.87,False,0,True,True,Venustiano Carranza,19.41221,-99.09895,Shared room,1,1.0,1.0,1.0,250.0,1,4,355,9,9,5.0,5.0,5.0,5.0,5.0,5.0,5.0,True,1,2.9
12904,47099790.0,within a day,0.5,1.0,False,0,True,False,CuauhtÃ©moc,19.42535,-99.13882,Shared room,1,1.0,1.0,1.0,850.0,1,1125,365,0,0,4.7,4.78,4.75,4.83,4.81,4.84,4.72,True,3,0.0
12915,47100887.0,within a day,0.5,1.0,False,0,True,False,CuauhtÃ©moc,19.42689,-99.14097,Shared room,1,1.0,1.0,0.0,850.0,1,1125,365,0,0,4.7,4.78,4.75,4.83,4.81,4.84,4.72,True,3,0.0
12984,47071577.0,within a day,0.5,1.0,False,0,True,False,CuauhtÃ©moc,19.42723,-99.13912,Shared room,1,1.0,1.0,1.0,850.0,1,1125,365,0,0,4.7,4.78,4.75,4.83,4.81,4.84,4.72,True,3,0.0
13076,47707378.0,within an hour,1.0,0.91,True,65,True,True,CuauhtÃ©moc,19.45928,-99.14683,Shared room,1,3.0,1.0,1.0,200.0,28,365,365,4,2,5.0,5.0,4.75,5.0,5.0,5.0,5.0,False,72,0.29
13196,47781375.0,within an hour,1.0,0.91,True,65,True,True,CuauhtÃ©moc,19.46145,-99.14823,Shared room,1,3.0,1.0,1.0,200.0,28,365,365,1,0,5.0,5.0,5.0,5.0,5.0,5.0,5.0,False,72,0.08
13203,47705899.0,within an hour,1.0,0.91,True,65,True,True,CuauhtÃ©moc,19.46003,-99.14856,Shared room,1,3.0,1.0,1.0,200.0,28,365,365,0,0,4.7,4.78,4.75,4.83,4.81,4.84,4.72,False,72,0.0
13247,47812113.0,unknown,0.0,0.0,False,1,True,True,Benito JuÃ¡rez,19.38933,-99.16466,Shared room,2,0.0,1.0,1.0,791.0,2,365,180,0,0,4.7,4.78,4.75,4.83,4.81,4.84,4.72,True,1,0.0
13282,48052717.0,unknown,0.0,0.0,False,0,True,False,Ãlvaro ObregÃ³n,19.3399,-99.23574,Shared room,1,0.0,1.0,1.0,17066.0,365,1125,365,0,0,4.7,4.78,4.75,4.83,4.81,4.84,4.72,False,1,0.0
13328,47917770.0,within an hour,1.0,0.79,True,3,True,True,Benito JuÃ¡rez,19.3671,-99.17757,Shared room,1,1.0,1.0,3.0,290.0,2,5,364,0,0,4.7,4.78,4.75,4.83,4.81,4.84,4.72,False,4,0.0
13392,47935106.0,within an hour,0.89,0.98,False,0,True,True,CuauhtÃ©moc,19.42908,-99.13632,Shared room,1,0.0,1.0,1.0,206.0,1,15,365,0,0,4.7,4.78,4.75,4.83,4.81,4.84,4.72,True,3,0.0
13565,48594766.0,within an hour,1.0,0.91,True,65,True,True,CuauhtÃ©moc,19.46251,-99.14379,Shared room,1,2.5,1.0,1.0,212.0,28,365,180,0,0,4.7,4.78,4.75,4.83,4.81,4.84,4.72,False,72,0.0
13566,48595057.0,within an hour,1.0,0.91,True,65,True,True,CuauhtÃ©moc,19.45959,-99.14789,Shared room,1,3.0,1.0,1.0,207.0,28,365,179,4,4,4.5,4.25,3.75,4.75,4.75,5.0,4.0,False,72,0.58
13567,48595475.0,within an hour,1.0,0.91,True,65,True,True,CuauhtÃ©moc,19.46008,-99.14846,Shared room,1,3.0,1.0,1.0,200.0,28,365,179,0,0,4.7,4.78,4.75,4.83,4.81,4.84,4.72,False,72,0.0
13574,48595542.0,within an hour,1.0,0.91,True,65,True,True,CuauhtÃ©moc,19.45951,-99.14682,Shared room,1,3.0,1.0,1.0,200.0,28,365,365,2,1,5.0,5.0,5.0,5.0,5.0,5.0,5.0,False,72,0.15
13613,48622271.0,within an hour,1.0,0.91,True,65,True,True,CuauhtÃ©moc,19.46011,-99.14852,Shared room,1,4.0,1.0,1.0,202.0,28,365,365,0,0,4.7,4.78,4.75,4.83,4.81,4.84,4.72,False,72,0.0
13647,48639930.0,within an hour,1.0,0.91,True,65,True,True,CuauhtÃ©moc,19.4612,-99.14839,Shared room,1,3.0,1.0,1.0,200.0,28,365,365,0,0,4.7,4.78,4.75,4.83,4.81,4.84,4.72,False,72,0.0
13720,48364223.0,within an hour,1.0,0.0,False,0,True,False,Tlalpan,19.20109,-99.15176,Shared room,10,4.5,1.0,0.0,211.0,30,1125,365,0,0,4.7,4.78,4.75,4.83,4.81,4.84,4.72,True,1,0.0
13760,48715981.0,within a few hours,0.9,0.77,True,1,True,True,CuauhtÃ©moc,19.42304,-99.16966,Shared room,1,1.0,1.0,1.0,262.0,2,32,356,36,30,4.72,4.92,4.56,4.94,4.89,5.0,4.81,False,1,2.66
13845,49096601.0,unknown,0.0,0.0,False,0,True,False,Iztapalapa,19.35898,-99.11076,Shared room,2,1.0,1.0,6.0,250.0,1,3,364,0,0,4.7,4.78,4.75,4.83,4.81,4.84,4.72,False,1,0.0
13890,48946081.0,within an hour,1.0,0.91,True,65,True,True,CuauhtÃ©moc,19.46138,-99.14711,Shared room,1,3.0,1.0,1.0,200.0,28,365,365,0,0,4.7,4.78,4.75,4.83,4.81,4.84,4.72,False,72,0.0
13920,48976336.0,within an hour,1.0,0.91,True,65,True,True,CuauhtÃ©moc,19.46161,-99.14854,Shared room,1,3.0,1.0,1.0,200.0,28,365,365,0,0,4.7,4.78,4.75,4.83,4.81,4.84,4.72,False,72,0.0
13923,48979220.0,within an hour,1.0,0.91,True,65,True,True,CuauhtÃ©moc,19.4597,-99.1465,Shared room,1,3.0,1.0,1.0,200.0,28,365,365,0,0,4.7,4.78,4.75,4.83,4.81,4.84,4.72,False,72,0.0
13929,48984372.0,within an hour,1.0,0.91,True,65,True,True,CuauhtÃ©moc,19.46162,-99.14804,Shared room,1,3.0,1.0,1.0,200.0,28,365,365,1,1,5.0,5.0,4.0,5.0,5.0,5.0,5.0,False,72,0.08
13932,48994995.0,within an hour,1.0,1.0,False,2,True,True,Benito JuÃ¡rez,19.38206,-99.1595,Shared room,1,1.0,1.0,1.0,6000.0,2,365,180,0,0,4.7,4.78,4.75,4.83,4.81,4.84,4.72,True,1,0.0
13945,48888151.0,unknown,0.0,0.0,False,1,True,True,Ãlvaro ObregÃ³n,19.39967,-99.19584,Shared room,3,1.0,1.0,0.0,7099.0,1,365,365,0,0,4.7,4.78,4.75,4.83,4.81,4.84,4.72,True,1,0.0
13963,49231542.0,within an hour,1.0,1.0,True,6,True,True,CuauhtÃ©moc,19.44917,-99.16241,Shared room,16,3.0,1.0,9.0,232.0,1,1125,365,1,1,5.0,5.0,5.0,5.0,5.0,5.0,5.0,True,6,0.15
13998,49256191.0,within an hour,1.0,1.0,True,6,True,True,CuauhtÃ©moc,19.44819,-99.16212,Shared room,16,3.0,1.0,9.0,232.0,1,1125,365,2,2,4.0,4.0,4.5,4.0,5.0,4.5,4.0,True,6,0.26
13999,49034122.0,within an hour,1.0,0.91,True,65,True,True,CuauhtÃ©moc,19.45928,-99.14665,Shared room,1,3.0,1.0,1.0,200.0,28,365,365,2,1,2.5,2.0,2.0,3.0,3.0,2.5,2.5,False,72,0.15
14051,49228700.0,within an hour,0.96,1.0,False,102,True,True,CuauhtÃ©moc,19.43944,-99.1442,Shared room,1,1.5,1.0,1.0,721.0,1,365,362,0,0,4.7,4.78,4.75,4.83,4.81,4.84,4.72,True,21,0.0
14052,49229590.0,within an hour,0.96,1.0,False,102,True,True,CuauhtÃ©moc,19.43917,-99.14523,Shared room,1,1.5,1.0,1.0,808.0,1,365,362,0,0,4.7,4.78,4.75,4.83,4.81,4.84,4.72,True,21,0.0
14089,49400584.0,unknown,0.0,0.0,False,2,True,True,Iztacalco,19.40254,-99.07303,Shared room,2,1.0,1.0,1.0,780.0,7,365,365,0,0,4.7,4.78,4.75,4.83,4.81,4.84,4.72,True,1,0.0
14109,49321916.0,within an hour,0.96,1.0,False,102,True,True,CuauhtÃ©moc,19.44117,-99.14447,Shared room,1,1.5,1.0,1.0,314.0,1,1125,361,25,22,4.4,4.44,4.28,4.52,4.36,4.76,4.76,True,21,1.82
14143,49347382.0,within an hour,0.89,0.96,False,6,True,False,La Magdalena Contreras,19.2546,-99.24525,Shared room,16,4.0,1.0,18.0,3280.0,1,36,348,5,5,3.4,2.8,4.8,4.0,3.0,4.8,4.8,True,6,0.43
14184,49372317.0,within an hour,1.0,1.0,True,1,True,False,CuauhtÃ©moc,19.423716,-99.142693,Shared room,3,1.0,1.0,1.0,779.0,1,1125,365,11,8,4.91,4.91,4.73,4.64,5.0,4.82,4.73,True,1,0.84
14243,49761795.0,a few days or more,0.0,0.0,False,2,True,True,Tlalpan,19.29948,-99.164,Shared room,5,1.0,1.0,2.0,350.0,1,365,87,1,0,4.0,4.0,4.0,4.0,3.0,4.0,4.0,False,1,0.08
14262,49778181.0,within an hour,1.0,0.91,True,65,True,True,CuauhtÃ©moc,19.46386,-99.14554,Shared room,1,2.5,1.0,1.0,201.0,28,365,365,1,1,5.0,5.0,5.0,5.0,5.0,5.0,5.0,False,72,0.09
14304,49816356.0,within an hour,1.0,0.91,True,65,True,True,CuauhtÃ©moc,19.46279,-99.14545,Shared room,1,2.5,1.0,1.0,200.0,28,365,339,2,2,5.0,5.0,4.5,5.0,5.0,5.0,5.0,False,72,0.17
14305,49817362.0,within an hour,1.0,0.91,True,65,True,True,CuauhtÃ©moc,19.4595,-99.14834,Shared room,1,3.0,1.0,1.0,200.0,28,365,365,1,1,5.0,5.0,5.0,5.0,5.0,5.0,5.0,False,72,0.1
14350,49924663.0,a few days or more,0.0,1.0,False,0,True,True,Benito JuÃ¡rez,19.39662,-99.14314,Shared room,1,1.0,1.0,1.0,320.0,1,365,365,0,0,4.7,4.78,4.75,4.83,4.81,4.84,4.72,True,1,0.0
14426,49978245.0,within a day,0.5,1.0,False,0,True,True,Benito JuÃ¡rez,19.37616,-99.1401,Shared room,1,1.0,1.0,0.0,350.0,1,1125,365,0,0,4.7,4.78,4.75,4.83,4.81,4.84,4.72,True,1,0.0
14554,50105074.0,within an hour,1.0,0.91,True,65,True,True,CuauhtÃ©moc,19.46124,-99.148,Shared room,1,3.0,1.0,1.0,200.0,28,365,365,1,1,5.0,5.0,5.0,5.0,5.0,5.0,5.0,False,72,0.08
14555,50105686.0,within an hour,1.0,0.91,True,65,True,True,CuauhtÃ©moc,19.45942,-99.14642,Shared room,1,3.0,1.0,1.0,200.0,28,365,365,0,0,4.7,4.78,4.75,4.83,4.81,4.84,4.72,False,72,0.0
14559,50106762.0,within an hour,1.0,0.91,True,65,True,True,CuauhtÃ©moc,19.46126,-99.14805,Shared room,1,3.0,1.0,1.0,200.0,28,365,365,0,0,4.7,4.78,4.75,4.83,4.81,4.84,4.72,False,72,0.0
14752,50427402.0,within an hour,1.0,0.91,True,65,True,True,CuauhtÃ©moc,19.45951,-99.14853,Shared room,1,3.0,1.0,1.0,200.0,28,365,365,0,0,4.7,4.78,4.75,4.83,4.81,4.84,4.72,False,72,0.0
14753,50428065.0,within an hour,1.0,0.91,True,65,True,True,CuauhtÃ©moc,19.45931,-99.14714,Shared room,1,3.0,1.0,1.0,200.0,28,365,365,1,1,5.0,5.0,4.0,5.0,5.0,5.0,5.0,False,72,0.09
14766,50440690.0,unknown,0.0,0.0,False,1,True,True,Benito JuÃ¡rez,19.367252,-99.149483,Shared room,6,1.0,1.0,6.0,350.0,1,90,90,0,0,4.7,4.78,4.75,4.83,4.81,4.84,4.72,False,1,0.0
14775,50444420.0,within an hour,1.0,0.91,True,65,True,True,CuauhtÃ©moc,19.46369,-99.14541,Shared room,1,2.5,1.0,1.0,201.0,28,365,365,2,2,5.0,5.0,5.0,5.0,5.0,5.0,5.0,False,72,0.18
15093,51112386.0,within an hour,0.94,0.85,True,9,True,True,CuauhtÃ©moc,19.43188,-99.16248,Shared room,1,1.0,1.0,1.0,300.0,1,1125,362,9,9,4.67,5.0,4.67,5.0,5.0,5.0,4.89,False,12,0.91
15658,52130192.0,a few days or more,0.0,0.4,False,1,True,True,CuauhtÃ©moc,19.45156,-99.15909,Shared room,4,1.0,1.0,4.0,300.0,3,30,90,0,0,4.7,4.78,4.75,4.83,4.81,4.84,4.72,True,1,0.0
15779,51927134.0,within an hour,1.0,1.0,True,8,True,True,CuauhtÃ©moc,19.41503,-99.15243,Shared room,1,1.0,1.0,1.0,250.0,3,365,298,2,2,5.0,5.0,4.5,5.0,5.0,5.0,5.0,True,8,0.35
15909,52372987.0,within a day,0.5,0.33,False,0,True,True,Iztacalco,19.39141,-99.07033,Shared room,2,1.0,1.0,3.0,1214.0,1,30,364,0,0,4.7,4.78,4.75,4.83,4.81,4.84,4.72,False,1,0.0
15919,52272038.0,within an hour,1.0,0.91,True,65,True,True,CuauhtÃ©moc,19.45963,-99.14687,Shared room,1,3.0,1.0,1.0,200.0,28,365,365,0,0,4.7,4.78,4.75,4.83,4.81,4.84,4.72,False,72,0.0
15921,52272055.0,within an hour,1.0,0.91,True,65,True,True,CuauhtÃ©moc,19.46151,-99.14859,Shared room,1,3.0,1.0,1.0,200.0,28,365,180,0,0,4.7,4.78,4.75,4.83,4.81,4.84,4.72,False,72,0.0
15922,52272472.0,within an hour,1.0,0.91,True,65,True,True,CuauhtÃ©moc,19.46147,-99.14649,Shared room,1,3.0,1.0,1.0,200.0,28,365,180,0,0,4.7,4.78,4.75,4.83,4.81,4.84,4.72,False,72,0.0
15975,52310214.0,within an hour,1.0,0.91,True,65,True,True,CuauhtÃ©moc,19.46074,-99.14842,Shared room,1,3.0,1.0,1.0,200.0,28,365,365,0,0,4.7,4.78,4.75,4.83,4.81,4.84,4.72,False,72,0.0
15976,52310342.0,within an hour,1.0,0.91,True,65,True,True,CuauhtÃ©moc,19.46101,-99.1463,Shared room,1,4.0,1.0,1.0,200.0,28,365,365,0,0,4.7,4.78,4.75,4.83,4.81,4.84,4.72,False,72,0.0
16001,52409031.0,within an hour,1.0,1.0,True,0,True,True,CoyoacÃ¡n,19.33639,-99.18367,Shared room,2,1.0,1.0,2.0,400.0,1,1125,281,27,27,4.85,4.89,4.89,4.93,4.81,4.89,4.96,True,5,3.32
16119,52521142.0,within an hour,1.0,0.91,True,65,True,True,CuauhtÃ©moc,19.46266,-99.14386,Shared room,1,2.5,1.0,1.0,203.0,28,365,365,2,2,5.0,5.0,4.5,5.0,5.0,5.0,5.0,False,72,0.42
16260,52715999.0,within an hour,1.0,1.0,True,8,True,True,CuauhtÃ©moc,19.41419,-99.15459,Shared room,1,1.0,1.0,1.0,250.0,3,1125,289,5,5,5.0,4.6,4.6,4.6,5.0,5.0,4.8,True,8,0.7
16261,52743087.0,within an hour,1.0,1.0,False,11,True,True,CuauhtÃ©moc,19.43375,-99.14331,Shared room,9,3.0,1.0,9.0,240.0,1,30,363,1,1,5.0,5.0,5.0,5.0,5.0,5.0,5.0,True,11,0.15
16354,52792185.0,unknown,0.0,0.5,False,0,True,False,CuauhtÃ©moc,19.43529,-99.13121,Shared room,7,1.5,1.0,15.0,350.0,2,365,365,1,1,4.0,5.0,4.0,5.0,4.0,5.0,4.0,True,1,0.13
16417,52940096.0,within an hour,1.0,1.0,False,11,True,True,CuauhtÃ©moc,19.43433,-99.14387,Shared room,9,3.0,1.0,9.0,240.0,1,365,363,2,2,4.5,5.0,5.0,5.0,5.0,5.0,5.0,True,11,0.26
16418,52940149.0,within an hour,1.0,1.0,False,11,True,True,CuauhtÃ©moc,19.43536,-99.1426,Shared room,9,3.0,1.0,9.0,240.0,1,365,362,13,13,4.69,4.77,4.62,4.77,4.92,4.92,4.69,True,11,1.7
16419,52940196.0,within an hour,1.0,1.0,False,11,True,True,CuauhtÃ©moc,19.43349,-99.14422,Shared room,9,3.0,1.0,9.0,240.0,1,365,363,3,3,3.67,3.33,4.0,5.0,5.0,5.0,3.33,True,11,0.39
16420,52940221.0,within an hour,1.0,1.0,False,11,True,True,CuauhtÃ©moc,19.43385,-99.14537,Shared room,9,3.0,1.0,9.0,240.0,1,365,363,5,5,4.8,5.0,4.8,5.0,5.0,5.0,4.8,True,11,0.64
16421,52940250.0,within an hour,1.0,1.0,False,11,True,True,CuauhtÃ©moc,19.4327,-99.14509,Shared room,9,3.0,1.0,9.0,240.0,1,365,362,0,0,4.7,4.78,4.75,4.83,4.81,4.84,4.72,True,11,0.0
16430,52940283.0,within an hour,1.0,1.0,False,11,True,True,CuauhtÃ©moc,19.43236,-99.14391,Shared room,9,3.0,1.0,9.0,240.0,1,365,362,6,6,4.17,4.83,4.5,5.0,4.33,5.0,4.33,True,11,0.79
16431,52940308.0,within an hour,1.0,1.0,False,11,True,True,CuauhtÃ©moc,19.43362,-99.14324,Shared room,9,3.0,1.0,9.0,240.0,1,30,363,4,4,2.75,3.25,3.75,4.5,4.25,4.5,2.75,True,11,0.51
16687,53127332.0,unknown,0.0,1.0,False,1,True,True,Venustiano Carranza,19.45005,-99.11786,Shared room,1,1.0,1.0,1.0,208.0,1,5,362,0,0,4.7,4.78,4.75,4.83,4.81,4.84,4.72,False,1,0.0
16721,53284896.0,within an hour,1.0,1.0,False,11,True,True,CuauhtÃ©moc,19.43205,-99.14396,Shared room,9,3.0,1.0,9.0,330.0,1,1125,363,0,0,4.7,4.78,4.75,4.83,4.81,4.84,4.72,True,11,0.0
16802,53156830.0,a few days or more,0.0,0.4,False,0,False,True,Azcapotzalco,19.50055,-99.18544,Shared room,1,1.0,1.0,0.0,300.0,1,365,353,0,0,4.7,4.78,4.75,4.83,4.81,4.84,4.72,False,1,0.0
17029,53531303.0,within an hour,1.0,0.94,False,0,True,False,CuauhtÃ©moc,19.43423,-99.13508,Shared room,1,1.0,1.0,1.0,215.0,1,365,351,7,7,4.57,4.29,4.29,4.86,5.0,5.0,4.86,True,1,1.02
17094,53450639.0,within an hour,1.0,1.0,False,11,True,True,CuauhtÃ©moc,19.43227,-99.14498,Shared room,9,3.0,1.0,9.0,240.0,1,1125,363,0,0,4.7,4.78,4.75,4.83,4.81,4.84,4.72,True,11,0.0
17125,53665268.0,within an hour,1.0,1.0,False,11,True,True,CuauhtÃ©moc,19.43223,-99.14402,Shared room,9,0.0,1.0,9.0,240.0,1,1125,363,4,4,4.5,5.0,5.0,5.0,5.0,4.75,4.75,True,11,1.09
17157,53688697.0,unknown,0.0,0.0,False,1,True,True,CuauhtÃ©moc,19.4241,-99.15868,Shared room,6,1.0,1.0,9.0,220.0,365,1125,365,0,0,4.7,4.78,4.75,4.83,4.81,4.84,4.72,True,1,0.0
17349,53846320.0,within an hour,1.0,1.0,False,20,True,True,CuauhtÃ©moc,19.42932,-99.13523,Shared room,1,1.0,1.0,1.0,347.0,1,365,358,0,0,4.7,4.78,4.75,4.83,4.81,4.84,4.72,True,20,0.0
17501,53991639.0,a few days or more,0.33,0.0,False,0,True,True,Gustavo A. Madero,19.47318,-99.09522,Shared room,1,1.0,1.0,1.0,220.0,1,1125,365,0,0,4.7,4.78,4.75,4.83,4.81,4.84,4.72,True,1,0.0
17721,54181226.0,within an hour,1.0,0.99,False,25,True,True,CuauhtÃ©moc,19.41074,-99.179596,Shared room,1,1.5,1.0,2.0,209.0,1,365,176,22,22,4.64,4.82,4.55,4.77,4.86,4.91,4.77,True,17,4.2
17727,54184870.0,within an hour,1.0,0.99,False,25,True,True,CuauhtÃ©moc,19.41074,-99.179596,Shared room,3,2.5,1.0,1.0,208.0,1,365,356,29,29,4.79,4.9,4.55,4.76,4.72,4.93,4.76,True,17,5.27
17787,54250852.0,within an hour,1.0,0.99,False,25,True,True,CuauhtÃ©moc,19.41074,-99.179596,Shared room,4,2.5,1.0,1.0,208.0,1,365,90,13,13,4.62,4.85,4.54,4.85,4.77,4.85,4.77,True,17,2.57
17886,54281215.0,unknown,0.0,0.0,False,6,True,False,CuauhtÃ©moc,19.41315,-99.16271,Shared room,1,1.0,1.0,1.0,199.0,1,365,270,1,1,4.0,5.0,4.0,5.0,5.0,5.0,5.0,True,2,0.37
17895,54283108.0,unknown,0.0,0.0,False,6,True,False,CuauhtÃ©moc,19.4127,-99.16393,Shared room,1,1.0,1.0,1.0,199.0,1,365,270,1,1,1.0,1.0,2.0,2.0,2.0,3.0,1.0,True,2,0.33
17910,5.44e+17,within a few hours,1.0,0.6,False,0,True,False,CuauhtÃ©moc,19.43611,-99.1348,Shared room,6,1.0,1.0,6.0,295.0,1,365,365,0,0,4.7,4.78,4.75,4.83,4.81,4.84,4.72,True,2,0.0
17914,5.45e+17,within an hour,1.0,0.9,False,0,True,True,Benito JuÃ¡rez,19.38099,-99.17696,Shared room,16,7.0,1.0,16.0,227.0,1,365,362,5,5,5.0,5.0,5.0,5.0,5.0,5.0,5.0,True,4,1.01
17915,5.45e+17,within an hour,1.0,0.99,False,25,True,True,CuauhtÃ©moc,19.41074,-99.179596,Shared room,3,2.5,1.0,1.0,209.0,1,365,365,14,14,4.64,4.93,4.64,4.93,4.86,4.93,4.86,True,17,3.18
17916,5.45e+17,within an hour,1.0,0.99,False,25,True,True,CuauhtÃ©moc,19.41074,-99.179596,Shared room,3,2.5,1.0,1.0,209.0,1,365,360,10,10,4.8,4.8,4.8,4.9,4.3,5.0,4.9,True,17,2.31
17985,5.47e+17,within an hour,1.0,0.95,True,0,True,True,Miguel Hidalgo,19.44705,-99.20225,Shared room,1,1.5,1.0,1.0,205.0,1,15,359,11,11,5.0,5.0,4.91,5.0,5.0,4.73,5.0,True,7,2.34
18035,5.54e+17,within an hour,1.0,0.84,False,0,True,True,Miguel Hidalgo,19.403,-99.17579,Shared room,1,1.0,1.0,1.0,298.0,1,7,364,10,10,4.4,4.2,3.9,3.9,4.2,4.6,3.8,False,1,2.63
18135,5.57e+17,unknown,0.0,0.0,False,0,False,True,Tlalpan,19.29762,-99.22793,Shared room,4,1.0,1.0,2.0,1100.0,1,365,365,0,0,4.7,4.78,4.75,4.83,4.81,4.84,4.72,True,1,0.0
18141,5.57e+17,within an hour,1.0,0.9,False,0,True,True,Benito JuÃ¡rez,19.38245,-99.17733,Shared room,16,7.0,1.0,8.0,227.0,1,365,365,6,6,4.83,4.83,4.33,4.83,4.67,5.0,4.5,True,4,1.54
18376,5.68e+17,within an hour,1.0,1.0,False,1,True,True,Iztacalco,19.41128,-99.06598,Shared room,2,1.0,1.0,3.0,750.0,1,1125,365,1,1,5.0,5.0,5.0,5.0,5.0,5.0,5.0,True,1,0.32
18486,5.69e+17,unknown,0.0,0.0,False,0,True,True,CuauhtÃ©moc,19.4062,-99.14475,Shared room,2,1.5,1.0,1.0,28000.0,1,365,365,0,0,4.7,4.78,4.75,4.83,4.81,4.84,4.72,True,1,0.0
18583,5.75e+17,within a day,0.77,0.83,False,6,True,False,Venustiano Carranza,19.409782,-99.082001,Shared room,1,1.0,1.0,5.0,350.0,1,365,359,2,2,5.0,5.0,5.0,5.0,5.0,5.0,5.0,False,2,0.77
18672,5.77e+17,within an hour,0.97,0.99,True,14,True,False,Ãlvaro ObregÃ³n,19.35192,-99.19322,Shared room,1,1.0,1.0,1.0,300.0,7,365,365,0,0,4.7,4.78,4.75,4.83,4.81,4.84,4.72,True,17,0.0
18681,5.77e+17,within an hour,0.97,0.99,True,14,True,False,Ãlvaro ObregÃ³n,19.35194,-99.19272,Shared room,1,1.0,1.0,1.0,300.0,7,365,365,1,1,5.0,5.0,5.0,5.0,5.0,5.0,5.0,True,17,1.0
18682,5.77e+17,within an hour,0.97,0.99,True,14,True,False,Ãlvaro ObregÃ³n,19.35348,-99.1933,Shared room,1,1.0,1.0,1.0,300.0,7,365,365,1,1,5.0,5.0,5.0,5.0,5.0,5.0,5.0,True,17,0.34
18996,5.89e+17,within an hour,1.0,0.6,False,0,True,True,CuauhtÃ©moc,19.41613,-99.14376,Shared room,1,1.0,1.0,1.0,250.0,1,1125,282,2,2,5.0,5.0,5.0,5.0,5.0,5.0,5.0,False,1,0.9
19003,5.91e+17,within an hour,1.0,0.95,True,0,True,True,Miguel Hidalgo,19.44534,-99.20399,Shared room,1,1.5,1.0,1.0,205.0,1,15,361,7,7,5.0,4.71,4.86,4.86,5.0,4.86,4.86,True,7,2.59
19010,5.91e+17,within an hour,1.0,0.95,True,0,True,True,Miguel Hidalgo,19.446308,-99.203026,Shared room,1,1.5,1.0,1.0,205.0,1,15,361,0,0,4.7,4.78,4.75,4.83,4.81,4.84,4.72,True,7,0.0
19011,5.91e+17,within an hour,1.0,0.95,True,0,True,True,Miguel Hidalgo,19.446308,-99.203026,Shared room,1,1.5,1.0,1.0,205.0,1,15,362,1,1,4.0,5.0,5.0,5.0,5.0,5.0,5.0,True,7,0.37
19115,5.93e+17,within a few hours,1.0,1.0,False,0,True,True,CoyoacÃ¡n,19.31964,-99.16557,Shared room,2,1.0,1.0,2.0,320.0,1,365,365,1,1,5.0,5.0,4.0,5.0,5.0,4.0,5.0,True,2,1.0
19197,5.93e+17,within an hour,1.0,0.85,False,2,True,False,Benito JuÃ¡rez,19.38027,-99.18659,Shared room,1,0.0,1.0,2.0,204.0,1,365,355,2,2,5.0,4.5,5.0,5.0,4.5,5.0,5.0,False,10,1.87
19251,5.99e+17,within a few hours,0.8,0.55,False,0,True,True,CuauhtÃ©moc,19.43514,-99.13298,Shared room,3,1.0,1.0,3.0,229.0,1,365,365,0,0,4.7,4.78,4.75,4.83,4.81,4.84,4.72,False,7,0.0
19295,5.98e+17,within an hour,1.0,0.94,False,1,True,True,Tlalpan,19.28972,-99.16602,Shared room,2,1.0,1.0,1.0,500.0,1,365,365,2,2,5.0,4.5,4.5,5.0,5.0,5.0,5.0,False,5,0.8
19296,5.98e+17,within an hour,1.0,0.94,False,1,True,True,Tlalpan,19.29193,-99.16549,Shared room,2,1.0,1.0,1.0,500.0,1,365,365,2,2,3.0,3.0,3.0,3.0,3.0,3.0,3.0,False,5,0.8
19337,5.98e+17,unknown,0.0,0.0,False,0,True,True,CuauhtÃ©moc,19.41562,-99.16602,Shared room,1,1.0,1.0,1.0,14135.0,30,365,365,0,0,4.7,4.78,4.75,4.83,4.81,4.84,4.72,True,1,0.0
19352,6e+17,within an hour,1.0,0.85,False,2,True,False,Benito JuÃ¡rez,19.37972,-99.18828,Shared room,1,0.0,1.0,1.0,250.0,2,365,331,0,0,4.7,4.78,4.75,4.83,4.81,4.84,4.72,False,10,0.0
19472,6.04e+17,unknown,0.0,0.0,False,0,False,False,CoyoacÃ¡n,19.35040627,-99.17346918,Shared room,4,1.5,1.0,2.0,1040.0,1,365,363,0,0,4.7,4.78,4.75,4.83,4.81,4.84,4.72,False,1,0.0
19477,6.04e+17,within an hour,1.0,0.96,True,23,True,True,CuauhtÃ©moc,19.4148,-99.15896,Shared room,1,4.0,1.0,4.0,600.0,1,365,362,0,0,4.7,4.78,4.75,4.83,4.81,4.84,4.72,True,13,0.0
19480,6.04e+17,within an hour,1.0,0.96,True,23,True,True,CuauhtÃ©moc,19.41475,-99.15893,Shared room,1,4.0,1.0,4.0,600.0,1,365,364,0,0,4.7,4.78,4.75,4.83,4.81,4.84,4.72,True,13,0.0
19615,5.99e+17,within a few hours,0.8,0.55,False,0,True,True,CuauhtÃ©moc,19.43442,-99.13353,Shared room,4,1.0,1.0,4.0,229.0,1,365,365,0,0,4.7,4.78,4.75,4.83,4.81,4.84,4.72,False,7,0.0
19851,6.18e+17,unknown,0.0,0.0,False,4,True,False,CuauhtÃ©moc,19.42613,-99.14969,Shared room,1,1.0,1.0,1.0,199.0,1,365,365,2,2,5.0,5.0,5.0,5.0,5.0,5.0,5.0,True,4,2.0
19852,6.18e+17,unknown,0.0,0.0,False,4,True,False,CuauhtÃ©moc,19.427097,-99.150787,Shared room,1,2.0,1.0,1.0,199.0,1,365,364,3,3,5.0,5.0,5.0,5.0,5.0,5.0,5.0,True,4,3.0
19969,6.21e+17,within an hour,1.0,0.0,False,0,True,True,CuauhtÃ©moc,19.43394,-99.14656,Shared room,2,2.0,1.0,3.0,737.0,1,365,365,0,0,4.7,4.78,4.75,4.83,4.81,4.84,4.72,True,1,0.0
20158,6.24e+17,unknown,0.0,0.0,False,0,True,False,Benito JuÃ¡rez,19.39861,-99.15458,Shared room,3,1.0,1.0,2.0,560.0,3,8,364,0,0,4.7,4.78,4.75,4.83,4.81,4.84,4.72,True,1,0.0
20221,6.28e+17,within a day,1.0,1.0,False,0,True,False,Benito JuÃ¡rez,19.37015,-99.14176,Shared room,1,1.5,1.0,1.0,239.0,1,365,364,0,0,4.7,4.78,4.75,4.83,4.81,4.84,4.72,False,2,0.0
20274,6.28e+17,within an hour,1.0,0.75,False,1,True,False,Gustavo A. Madero,19.56018,-99.1412,Shared room,3,1.5,1.0,1.0,202.0,1,13,365,0,0,4.7,4.78,4.75,4.83,4.81,4.84,4.72,False,2,0.0
20307,6.29e+17,within a day,1.0,0.0,False,0,True,False,CuauhtÃ©moc,19.437611,-99.138817,Shared room,2,1.5,1.0,1.0,300.0,1,365,86,0,0,4.7,4.78,4.75,4.83,4.81,4.84,4.72,False,1,0.0
20484,6.34e+17,within an hour,1.0,1.0,False,20,True,True,CuauhtÃ©moc,19.42934,-99.13528,Shared room,1,1.0,1.0,1.0,409.0,1,365,358,0,0,4.7,4.78,4.75,4.83,4.81,4.84,4.72,True,20,0.0
20559,6.37e+17,within an hour,1.0,0.0,False,1,True,True,CuauhtÃ©moc,19.42127,-99.16763,Shared room,1,1.0,1.0,1.0,420.0,1,365,364,0,0,4.7,4.78,4.75,4.83,4.81,4.84,4.72,False,1,0.0
20723,6.41e+17,within an hour,1.0,1.0,False,4,True,True,CuauhtÃ©moc,19.44318,-99.14007,Shared room,4,3.0,1.0,2.0,160.0,1,365,363,0,0,4.7,4.78,4.75,4.83,4.81,4.84,4.72,True,10,0.0
20844,6.46e+17,within an hour,1.0,0.85,False,2,True,False,Benito JuÃ¡rez,19.37923,-99.18745,Shared room,1,0.0,1.0,2.0,204.0,1,365,364,0,0,4.7,4.78,4.75,4.83,4.81,4.84,4.72,False,10,0.0
20985,6.51e+17,a few days or more,0.3,0.0,False,11,True,False,Miguel Hidalgo,19.4345075,-99.1877204,Shared room,1,1.0,1.0,1.0,1050.0,15,365,365,0,0,4.7,4.78,4.75,4.83,4.81,4.84,4.72,True,5,0.0
21042,6.5e+17,unknown,0.0,0.0,False,0,True,False,Benito JuÃ¡rez,19.36966,-99.14541,Shared room,2,1.0,1.0,2.0,360.0,1,365,90,0,0,4.7,4.78,4.75,4.83,4.81,4.84,4.72,True,1,0.0
21108,6.53e+17,within an hour,1.0,0.99,False,25,True,True,CuauhtÃ©moc,19.4050401,-99.1746515,Shared room,4,2.5,1.0,6.0,163.0,1,365,364,0,0,4.7,4.78,4.75,4.83,4.81,4.84,4.72,True,17,0.0
21109,6.53e+17,within an hour,1.0,0.99,False,25,True,True,CuauhtÃ©moc,19.40612919,-99.17418099,Shared room,3,2.5,1.0,6.0,163.0,1,365,364,0,0,4.7,4.78,4.75,4.83,4.81,4.84,4.72,True,17,0.0
21110,6.53e+17,within an hour,1.0,0.99,False,25,True,True,CuauhtÃ©moc,19.40601645,-99.17375807,Shared room,3,2.5,1.0,6.0,163.0,1,365,364,0,0,4.7,4.78,4.75,4.83,4.81,4.84,4.72,True,17,0.0
21202,28579212.0,within an hour,0.89,0.67,False,5,True,True,Azcapotzalco,19.52735,-99.22138,Shared room,2,1.0,1.0,2.0,432.0,2,7,364,0,0,4.7,4.78,4.75,4.83,4.81,4.84,4.72,False,5,0.0
21222,38550500.0,within a few hours,1.0,0.0,False,2,True,False,Miguel Hidalgo,19.4298,-99.24067,Shared room,2,1.0,1.0,1.0,212.0,1,1125,365,2,0,3.0,2.5,2.0,4.0,3.5,3.5,2.5,True,2,0.06
21223,10758017.0,within an hour,1.0,1.0,False,0,True,True,Iztacalco,19.41322,-99.0552,Shared room,16,6.0,1.0,39.0,250.0,1,365,365,11,4,4.36,4.45,4.82,4.3,4.64,4.1,4.4,True,1,0.19
21229,35031668.0,within a few hours,1.0,0.0,False,2,True,False,Miguel Hidalgo,19.42935,-99.24976,Shared room,1,1.0,1.0,1.0,212.0,1,1125,365,1,0,5.0,5.0,4.0,5.0,5.0,5.0,4.0,True,2,0.03
21247,52622906.0,within an hour,1.0,1.0,True,0,True,True,Azcapotzalco,19.52679,-99.19454,Shared room,1,1.0,1.0,1.0,329.0,1,1125,365,1,1,5.0,5.0,5.0,5.0,5.0,5.0,5.0,True,6,0.13
21256,52324954.0,within an hour,1.0,1.0,True,0,True,True,Azcapotzalco,19.52817,-99.1936,Shared room,1,1.5,1.0,1.0,329.0,1,365,180,1,1,5.0,5.0,5.0,5.0,5.0,5.0,5.0,True,6,0.12
21266,52622855.0,within an hour,1.0,1.0,True,0,True,True,Gustavo A. Madero,19.52878,-99.19404,Shared room,1,1.0,1.0,1.0,329.0,1,365,365,0,0,4.7,4.78,4.75,4.83,4.81,4.84,4.72,True,6,0.0
21462,52622993.0,within an hour,1.0,1.0,True,0,True,True,Azcapotzalco,19.52844,-99.19425,Shared room,1,1.0,1.0,1.0,324.0,1,365,365,1,1,5.0,5.0,5.0,5.0,5.0,5.0,5.0,True,6,0.17
21480,30492862.0,within a day,1.0,0.0,False,1,True,False,Gustavo A. Madero,19.52559,-99.19063,Shared room,2,1.0,1.0,2.0,350.0,3,30,365,0,0,4.7,4.78,4.75,4.83,4.81,4.84,4.72,True,1,0.0
21492,35483953.0,a few days or more,0.0,0.0,False,2,True,False,Iztapalapa,19.35648,-98.97814,Shared room,2,1.0,1.0,2.0,250.0,1,30,180,0,0,4.7,4.78,4.75,4.83,4.81,4.84,4.72,True,2,0.0
21518,48125596.0,unknown,0.0,0.0,False,1,True,False,Gustavo A. Madero,19.52025,-99.17275,Shared room,1,1.0,1.0,1.0,1300.0,1,10,365,0,0,4.7,4.78,4.75,4.83,4.81,4.84,4.72,True,1,0.0
21551,38091490.0,unknown,0.0,0.0,False,1,True,False,Azcapotzalco,19.49825,-99.2307,Shared room,3,1.0,1.0,2.0,1200.0,1,2,90,1,0,0.0,4.78,4.75,4.83,4.81,4.84,4.72,True,1,0.03
21569,28343695.0,a few days or more,0.0,1.0,False,1,True,True,Gustavo A. Madero,19.5332,-99.1694,Shared room,2,1.0,1.0,1.0,223.0,1,30,365,0,0,4.7,4.78,4.75,4.83,4.81,4.84,4.72,True,1,0.0
21571,46948276.0,within an hour,1.0,0.0,False,1,True,True,Gustavo A. Madero,19.50459,-99.04702,Shared room,1,1.0,1.0,1.0,210.0,30,180,365,0,0,4.7,4.78,4.75,4.83,4.81,4.84,4.72,False,1,0.0
21635,1707386.0,unknown,0.0,0.0,False,1,True,False,Cuajimalpa de Morelos,19.41303,-99.26479,Shared room,2,1.0,1.0,2.0,1075.0,1,1125,365,0,0,4.7,4.78,4.75,4.83,4.81,4.84,4.72,False,1,0.0
